ID,Title,Type,Year,Release Date,Rating,Genres,Source,Trailer URL,Poster URL,Description,Now Playing
tmdb-tv-66732,Stranger Things,tv,2016,2016-07-15,8.6,"Mystery, Action",Netflix,https://www.youtube.com/watch?v=mnd7sFt5c3A,https://image.tmdb.org/t/p/w500/uOOtwVbSr4QDjAGIifLDwpb2Pdl.jpg,"When a young boy vanishes, a small town uncovers a mystery involving secret experiments, terrifying supernatural forces, and one strange little girl.",
tmdb-movie-1084242,Zootopia 2,movie,2025,2025-11-26,7.6,"Animation, Comedy, Adventure, Family, Mystery",In Theatres,https://www.youtube.com/watch?v=k8t8rvRO7Ug,https://image.tmdb.org/t/p/w500/oJ7g2CifqpStmoYQyaLQgEU32qO.jpg,"After cracking the biggest case in Zootopia's history, rookie cops Judy Hopps and Nick Wilde find themselves on the twisting trail of a great mystery when Gary De'Snake arrives and turns the animal me...",
tmdb-movie-840464,Greenland 2: Migration,movie,2026,2026-01-07,6.6,"Adventure, Thriller, Sci-Fi",In Theatres,https://www.youtube.com/watch?v=zwfCPPttT4s,https://image.tmdb.org/t/p/w500/dtPwBZjzqTaObjG4fKStRkBq1uu.jpg,"Having found the safety of the Greenland bunker after the comet Clarke decimated the Earth, the Garrity family must now risk everything to embark on a perilous journey across the wasteland of Europe t...",
tmdb-movie-1306368,The Rip,movie,2026,2026-01-13,7.0,"Action, Thriller, Crime",Netflix,https://www.youtube.com/watch?v=yeR5bcbRPak,https://image.tmdb.org/t/p/w500/p4bW2sJKAwcHuLpfoZK7Zo63osA.jpg,"Trust frays when a team of Miami cops discovers millions in cash inside a run-down stash house, calling everyone — and everything — into question.",
tmdb-movie-1168190,The Wrecking Crew,movie,2026,2026-01-28,6.2,"Action, Comedy, Crime, Mystery",In Theatres,https://www.youtube.com/watch?v=v8R0xDczERo,https://image.tmdb.org/t/p/w500/gbVwHl4YPSq6BcC92TQpe7qUTh6.jpg,"Estranged half-brothers Jonny and James reunite after their father's mysterious death. As they search for the truth, buried secrets reveal a conspiracy threatening to tear their family apart.",
tmdb-tv-224372,A Knight of the Seven Kingdoms,tv,2026,2026-01-18,8.1,"Drama, Action",In Theatres,https://www.youtube.com/watch?v=sItUCKJQLTU,https://image.tmdb.org/t/p/w500/6igvNs5VJB4ryBLgjjXksDVs0Fm.jpg,"A century before the events of Game of Thrones, two unlikely heroes wandered Westeros: a young, naive but courageous knight, Ser Duncan the Tall, and his diminutive squire, Egg. Set in an age when the...",
tmdb-movie-1234731,Anaconda,movie,2025,2025-12-24,6.0,"Adventure, Comedy, Horror",In Theatres,https://www.youtube.com/watch?v=jMbBuQAYOeM,https://image.tmdb.org/t/p/w500/qxMv3HwAB3XPuwNLMhVRg795Ktp.jpg,"A group of friends facing mid-life crises head to the rainforest with the intention of remaking their favorite movie from their youth, only to find themselves in a fight for their lives against natura...",Cineplex
tmdb-tv-79744,The Rookie,tv,2018,2018-10-16,8.5,"Crime, Drama, Comedy",Netflix,https://www.youtube.com/watch?v=8BPlx6eK1vc,https://image.tmdb.org/t/p/w500/70kTz0OmjjZe7zHvIDrq2iKW7PJ.jpg,"Starting over isn't easy, especially for small-town guy John Nolan who, after a life-altering incident, is pursuing his dream of being an LAPD officer. As the force's oldest rookie, he’s met with skep...",
tmdb-movie-83533,Avatar: Fire and Ash,movie,2025,2025-12-17,7.3,"Sci-Fi, Adventure, Fantasy",In Theatres,https://www.youtube.com/watch?v=RlofL5WU28k,https://image.tmdb.org/t/p/w500/5bxrxnRaxZooBAxgUVBZ13dpzC7.jpg,"In the wake of the devastating war against the RDA and the loss of their eldest son, Jake Sully and Neytiri face a new threat on Pandora: the Ash People, a violent and power-hungry Na'vi tribe led by ...",
tmdb-tv-1622,Supernatural,tv,2005,2005-09-13,8.3,"Drama, Mystery",In Theatres,https://www.youtube.com/watch?v=yy96yJjkvjo,https://image.tmdb.org/t/p/w500/u40gJarLPlIkwouKlzGdobQOV9k.jpg,"When they were boys, Sam and Dean Winchester lost their mother to a mysterious and demonic supernatural force. Subsequently, their father raised them to be soldiers. He taught them about the paranorma...",
tmdb-tv-456,The Simpsons,tv,1989,1989-12-17,8.0,"Family, Animation, Comedy",Disney+,https://www.youtube.com/watch?v=_jgYEYERYFQ,https://image.tmdb.org/t/p/w500/uWpG7GqfKGQqX4YMAo3nv5OrglV.jpg,"Set in Springfield, the average American town, the show focuses on the antics and everyday adventures of the Simpson family; Homer, Marge, Bart, Lisa and Maggie, as well as a virtual cast of thousands...",
tmdb-tv-235685,The Pendragon Cycle: Rise of the Merlin,tv,2026,2026-01-22,8.6,"Action, Family, Drama",In Theatres,https://www.youtube.com/watch?v=6iGrFKHGgL4,https://image.tmdb.org/t/p/w500/jJfk8NXauN4UgFQ1qn9lFzEk7ib.jpg,"Merlin, the immortal son of the bard Taliesin and Atlantean Princess Charis, is followed through his tragic upbringing, descent into madness, and shocking disappearance, leading to the legend that sur...",
tmdb-tv-4614,NCIS,tv,2003,2003-09-23,7.6,"Crime, Drama, Action",Paramount Plus,https://www.youtube.com/watch?v=BhtDgn31XZo,https://image.tmdb.org/t/p/w500/mBcu8d6x6zB1el3MPNl7cZQEQ31.jpg,"From murder and espionage to terrorism and stolen submarines, a team of special agents investigates any crime that has any connection to Navy and Marine Corps personnel, regardless of rank or position...",
tmdb-tv-95479,JUJUTSU KAISEN,tv,2020,2020-10-03,8.6,"Animation, Action",Netflix,https://www.youtube.com/watch?v=VpO6APNqY1c,https://image.tmdb.org/t/p/w500/fHpKWq9ayzSk8nSwqRuaAUemRKh.jpg,"Yuji Itadori is a boy with tremendous physical strength, though he lives a completely ordinary high school life. One day, to save a classmate who has been attacked by curses, he eats the finger of Ryo...",
tmdb-movie-991494,The SpongeBob Movie: Search for SquarePants,movie,2025,2025-12-16,6.6,"Animation, Family, Comedy, Adventure, Fantasy",In Theatres,https://www.youtube.com/watch?v=UazW5vuAsF0,https://image.tmdb.org/t/p/w500/pDWYW9v8fmJdA7N0I1MOdQA3ETq.jpg,"Desperate to be a big guy, SpongeBob sets out to prove his bravery to Mr. Krabs by following The Flying Dutchman – a mysterious swashbuckling ghost pirate – on a seafaring adventure that takes him to ...",
tmdb-tv-106379,Fallout,tv,2024,2024-04-10,8.1,Action,In Theatres,https://www.youtube.com/watch?v=7h8zJHywjAw,https://image.tmdb.org/t/p/w500/c15BtJxCXMrISLVmysdsnZUPQft.jpg,"The story of haves and have-nots in a world in which there's almost nothing left to have. 200 years after the apocalypse, the gentle denizens of luxury fallout shelters are forced to return to the irr...",
tmdb-tv-1434,Family Guy,tv,1999,1999-01-31,7.4,"Animation, Comedy",Disney+,https://www.youtube.com/watch?v=J32iwo65RMc,https://image.tmdb.org/t/p/w500/3PFsEuAiyLkWsP4GG6dIV37Q6gu.jpg,"Sick, twisted, politically incorrect and Freakin' Sweet animated series featuring the adventures of the dysfunctional Griffin family. Bumbling Peter and long-suffering Lois have three kids. Stewie (a ...",
tmdb-tv-549,Law & Order,tv,1990,1990-09-13,7.4,"Crime, Drama",Disney+,https://www.youtube.com/watch?v=RzN8cPlcMTU,https://image.tmdb.org/t/p/w500/haJ9eHytVO3H3JooMJG1DiWwDNm.jpg,"In cases ripped from the headlines, police investigate serious and often deadly crimes, weighing the evidence and questioning the suspects until someone is taken into custody. The district attorney's ...",
tmdb-movie-1368166,The Housemaid,movie,2025,2025-12-18,7.1,"Mystery, Thriller",In Theatres,https://www.youtube.com/watch?v=TGdKFCVn6G0,https://image.tmdb.org/t/p/w500/cWsBscZzwu5brg9YjNkGewRUvJX.jpg,"Trying to escape her past, Millie Calloway accepts a job as a live-in housemaid for the wealthy Nina and Andrew Winchester. But what begins as a dream job quickly unravels into something far more dang...",
tmdb-tv-1399,Game of Thrones,tv,2011,2011-04-17,8.5,"Drama, Action",In Theatres,https://www.youtube.com/watch?v=KPLWWIOCOOQ,https://image.tmdb.org/t/p/w500/1XS1oqL89opfnbLl8WnZY1O1uJx.jpg,Seven noble families fight for control of the mythical land of Westeros. Friction between the houses leads to full-scale war. All while a very ancient evil awakens in the farthest north. Amidst the wa...,
tmdb-tv-1408,House,tv,2004,2004-11-16,8.6,"Drama, Comedy, Mystery",Netflix,https://www.youtube.com/watch?v=MczMB8nU1sY,https://image.tmdb.org/t/p/w500/3Cz7ySOQJmqiuTdrc6CY0r65yDI.jpg,"Dr. Gregory House, a drug-addicted, unconventional, misanthropic medical genius, leads a team of diagnosticians at the fictional Princeton–Plainsboro Teaching Hospital in New Jersey.",
tmdb-tv-4057,Criminal Minds,tv,2005,2005-09-22,8.3,"Crime, Drama, Mystery",Disney+,https://www.youtube.com/watch?v=NTYxiJBbEZk,https://image.tmdb.org/t/p/w500/gigxjNnACiXAfrwoMox5WJFgc0I.jpg,"An elite team of FBI profilers analyze the country's most twisted criminal minds, anticipating their next moves before they strike again. The Behavioral Analysis Unit's most experienced agent is David...",
tmdb-tv-4604,Smallville,tv,2001,2001-10-16,8.2,"Action, Drama",Netflix,https://www.youtube.com/watch?v=70Y32si4yb8,https://image.tmdb.org/t/p/w500/azU5zRPEaiACTY6kAlEddIe8ypk.jpg,The origins of the world’s greatest hero–from Krypton refugee Kal-el’s arrival on Earth through his tumultuous teen years to Clark Kent’s final steps toward embracing his destiny as the Man of Steel.,
tmdb-tv-34307,Shameless,tv,2011,2011-01-09,8.2,"Drama, Comedy",Netflix,https://www.youtube.com/watch?v=9tvkYS5cA58,https://image.tmdb.org/t/p/w500/ifo31fMWLmyOVpdak9K0kY4jldQ.jpg,"Chicagoan Frank Gallagher is the proud single dad of six smart, industrious, independent kids, who without him would be... perhaps better off. When Frank's not at the bar spending what little money th...",
tmdb-tv-198178,Wonder Man,tv,2026,2026-01-27,6.9,"Comedy, Drama",In Theatres,https://www.youtube.com/watch?v=90G8qegDumc,https://image.tmdb.org/t/p/w500/6yy9nQlFt2l6UVWzrfhszFCaZ5C.jpg,"Simon and Trevor, two actors at opposite ends of their careers, chase life-changing roles.",
tmdb-tv-71712,The Good Doctor,tv,2017,2017-09-25,8.5,Drama,In Theatres,https://www.youtube.com/watch?v=lnY9FWUTY84,https://image.tmdb.org/t/p/w500/luhKkdD80qe62fwop6sdrXK9jUT.jpg,"Shaun Murphy, a young surgeon with autism and savant syndrome, relocates from a quiet country life to join a prestigious hospital's surgical unit. Unable to personally connect with those around him, S...",
tmdb-tv-240459,Spartacus: House of Ashur,tv,2025,2025-12-05,6.3,"Drama, Action",In Theatres,https://www.youtube.com/watch?v=sHl32450smA,https://image.tmdb.org/t/p/w500/vNByuzy60v31nmUVPMA8oAtneUK.jpg,"In a world where he survived the events of Spartacus (2010), Ashur clawed his way to power, owning the same ludus that once owned him. Allying with a fierce gladiatrix, Ashur ignites a new kind of spe...",
tmdb-tv-764,Midsomer Murders,tv,1997,1997-03-23,7.5,"Crime, Drama, Mystery",In Theatres,https://www.youtube.com/watch?v=ym8b4UJDqcw,https://image.tmdb.org/t/p/w500/pz7tsWxe0TTdfJnWPjZAEnrSl5M.jpg,"The peacefulness of the Midsomer community is shattered by violent crimes, suspects are placed under suspicion, and it is up to a veteran DCI and his young sergeant to calmly and diligently eliminate ...",
tmdb-tv-46952,The Blacklist,tv,2013,2013-09-23,7.6,"Drama, Crime, Mystery",Netflix,https://www.youtube.com/watch?v=JGBIimq1I3A,https://image.tmdb.org/t/p/w500/4HTfd1PhgFUenJxVuBDNdLmdr0c.jpg,"Raymond ""Red"" Reddington, one of the FBI's most wanted fugitives, surrenders in person at FBI Headquarters in Washington, D.C. He claims that he and the FBI have the same interests: bringing down dang...",
tmdb-tv-273160,The Beauty,tv,2026,2026-01-21,5.6,Drama,Disney+,https://www.youtube.com/watch?v=9NmM4tM5Xl0,https://image.tmdb.org/t/p/w500/tZTG2PPAukzksPkiQV9c4suIQXk.jpg,The world of high fashion turns dark when international supermodels begin dying in gruesome and mysterious ways. FBI Agents Cooper Madsen and Jordan Bennett are sent to Paris to uncover the truth. As ...,
tmdb-tv-1668,Friends,tv,1994,1994-09-22,8.4,Comedy,In Theatres,https://www.youtube.com/watch?v=7BLgQ-vRcjs,https://image.tmdb.org/t/p/w500/2koX1xLkpTQM4IZebYvKysFW1Nh.jpg,"Six young people from New York City, on their own and struggling to survive in the real world, find the companionship, comfort and support they get from each other to be the perfect antidote to the pr...",
tmdb-tv-1405,Dexter,tv,2006,2006-10-01,8.2,"Crime, Drama, Mystery",Netflix,https://www.youtube.com/watch?v=YQeUmSD1c3g,https://image.tmdb.org/t/p/w500/q8dWfc4JwQuv3HayIZeO84jAXED.jpg,"Dexter Morgan, a blood spatter pattern analyst for the Miami Metro Police also leads a secret life as a serial killer, hunting down criminals who have slipped through the cracks of justice.",
tmdb-tv-4607,Lost,tv,2004,2004-09-22,7.9,"Mystery, Action, Drama",Disney+,https://www.youtube.com/watch?v=KTu8iDynwNc,https://image.tmdb.org/t/p/w500/og6S0aTZU6YUJAbqxeKjCa3kY1E.jpg,"Stripped of everything, the survivors of a horrific plane crash  must work together to stay alive. But the island holds many secrets.",
tmdb-tv-1431,CSI: Crime Scene Investigation,tv,2000,2000-10-06,7.6,"Crime, Drama, Mystery",Paramount Plus,https://www.youtube.com/watch?v=ApT1EYvrwuk,https://image.tmdb.org/t/p/w500/i5hmoRjHNWady4AtAGICTUXknKH.jpg,"A Las Vegas team of forensic investigators are trained to solve criminal cases by scouring the crime scene, collecting irrefutable evidence and finding the missing pieces that solve the mystery.",
tmdb-tv-1407,Homeland,tv,2011,2011-10-02,7.6,"Drama, War, Crime",Netflix,https://www.youtube.com/watch?v=KyFmS3wRPCQ,https://image.tmdb.org/t/p/w500/6GAvS2e6VIRsms9FpVt33PsCoEW.jpg,"CIA officer Carrie Mathison is tops in her field despite being bipolar, which makes her volatile and unpredictable. With the help of her long-time mentor Saul Berenson, Carrie fearlessly risks everyth...",
tmdb-tv-1421,Modern Family,tv,2009,2009-09-23,7.9,Comedy,Disney+,https://www.youtube.com/watch?v=rbpTUPisA78,https://image.tmdb.org/t/p/w500/k5Qg5rgPoKdh3yTJJrLtyoyYGwC.jpg,"The Pritchett-Dunphy-Tucker clan is a wonderfully large and blended family. They give us an honest and often hilarious look into the sometimes warm, sometimes twisted, embrace of the modern family.",
tmdb-tv-1396,Breaking Bad,tv,2008,2008-01-20,8.9,"Drama, Crime",Netflix,https://www.youtube.com/watch?v=XZ8daibM3AE,https://image.tmdb.org/t/p/w500/ztkUQFLlC19CCMYHW9o1zWhJRNq.jpg,"Walter White, a New Mexico chemistry teacher, is diagnosed with Stage III cancer and given a prognosis of only two years left to live. He becomes filled with a sense of fearlessness and an unrelenting...",
tmdb-tv-4087,The X-Files,tv,1993,1993-09-10,8.4,"Mystery, Crime",Disney+,https://www.youtube.com/watch?v=_HTByz4RlqI,https://image.tmdb.org/t/p/w500/rcBx0p8h51LHceyhquYMxbspJQu.jpg,"The exploits of FBI Special Agents Fox Mulder and Dana Scully who investigate X-Files: marginalized, unsolved cases involving paranormal phenomena. Mulder believes in the existence of aliens and the p...",
tmdb-tv-60735,The Flash,tv,2014,2014-10-07,7.8,Drama,Netflix,https://www.youtube.com/watch?v=IgVyroQjZbE,https://image.tmdb.org/t/p/w500/yZevl2vHQgmosfwUdVNzviIfaWS.jpg,"After being struck by lightning, CSI investigator Barry Allen awakens from a nine-month coma to discover he has been  granted the gift of super speed.  Teaming up with S.T.A.R. Labs, Barry takes on th...",
tmdb-movie-1233413,Sinners,movie,2025,2025-04-16,7.5,"Horror, Action, Thriller",In Theatres,https://www.youtube.com/watch?v=wDajDVYC3Mo,https://image.tmdb.org/t/p/w500/qTvFWCGeGXgBRaINLY1zqgTPSpn.jpg,"Trying to leave their troubled lives behind, twin brothers return to their hometown to start again, only to discover that an even greater evil is waiting to welcome them back.",
tmdb-tv-2316,The Office,tv,2005,2005-03-24,8.6,Comedy,Netflix,https://www.youtube.com/watch?v=-C2z-nshFts,https://image.tmdb.org/t/p/w500/dg9e5fPRRId8PoBE0F6jl5y85Eu.jpg,"The everyday lives of office employees in the Scranton, Pennsylvania branch of the fictional Dunder Mifflin Paper Company.",
tmdb-tv-2661,Kamen Rider,tv,1971,1971-04-03,6.5,"Action, Drama",In Theatres,https://www.youtube.com/watch?v=FY4TBfTLPEM,https://image.tmdb.org/t/p/w500/lv3OlrXyTNg4Dz0JrtopOmMziNs.jpg,"Takeshi Hongo is a promising young man with a passion for motorcycle racing. However, his dreams are suddenly ruined when he gets kidnapped by Shocker, the evil secret organization planning to dominat...",
tmdb-tv-60622,Fargo,tv,2014,2014-04-15,8.3,"Crime, Drama",In Theatres,https://www.youtube.com/watch?v=FXIeYKlMA_0,https://image.tmdb.org/t/p/w500/6U9CPeD8obHzweikFhiLhpc7YBT.jpg,"A close-knit anthology series dealing with stories involving malice, violence and murder based in and around Minnesota.",
tmdb-movie-1167307,David,movie,2025,2025-12-14,7.9,"Animation, Family, Drama",In Theatres,https://www.youtube.com/watch?v=2ocVv1m5NVU,https://image.tmdb.org/t/p/w500/7lFG1WrCwAxBfyGK8ahlBVzXno7.jpg,"From the songs of his mother’s heart to the whispers of a faithful God, David’s story begins in quiet devotion. When the giant Goliath rises to terrorize a nation, a young shepherd armed with only a s...",
tmdb-tv-209867,Frieren: Beyond Journey's End,tv,2023,2023-09-29,8.8,"Animation, Action, Drama",Netflix,https://www.youtube.com/watch?v=01WEqntM1NI,https://image.tmdb.org/t/p/w500/dqZENchTd7lp5zht7BdlqM7RBhD.jpg,"Decades after her party defeated the Demon King, an old friend's funeral launches the elf wizard Frieren on a journey of self-discovery.",
tmdb-tv-59941,The Tonight Show Starring Jimmy Fallon,tv,2014,2014-02-17,5.9,"Comedy, Talk",In Theatres,https://www.youtube.com/watch?v=q-0YafsWK_M,https://image.tmdb.org/t/p/w500/1N4o5PmmqhlVDrcdJ2RlCFWbLGX.jpg,"After Jay Leno's second retirement from the program, Jimmy Fallon stepped in as his permanent replacement. After 42 years in Los Angeles the program was brought back to New York.",
tmdb-movie-1608982,From the Ashes: The Pit,movie,2026,2026-01-21,3.8,"Thriller, Drama",Netflix,https://www.youtube.com/watch?v=0Uc4M9JvL0g,https://image.tmdb.org/t/p/w500/iwZIR8wp1lqj69zsbWmZKhXTTIU.jpg,"Trapped in an underground pit during a storm, three students from an all-girls school must confront their personal conflicts as they fight to survive.",
tmdb-tv-254071,Steal,tv,2026,2026-01-21,7.7,"Drama, Crime, Mystery",In Theatres,https://www.youtube.com/watch?v=8rMfMzNAJaM,https://image.tmdb.org/t/p/w500/6KmlaPhsohh3Ki9XJUq0jiUYbf3.jpg,"A typical day at Lochmill Capital is upended when armed thieves burst in and force Zara and her best friend Luke to execute their demands. In the aftermath, conflicted detective Rhys races against tim...",
tmdb-movie-1443762,The Big Fake,movie,2025,2025-10-19,6.4,"Thriller, Crime, Drama",Netflix,https://www.youtube.com/watch?v=OMeOauwYjRs,https://image.tmdb.org/t/p/w500/A188B94iDLdB6499QBYbz74WgOF.jpg,"Toni Chichiarelli arrives in Rome with the dream of becoming a painter, but his talent leads him elsewhere — from art galleries to state secrets. Between art, crime, and power, his signature ends up e...",
tmdb-movie-1317288,Marty Supreme,movie,2025,2025-12-19,7.9,Drama,In Theatres,https://www.youtube.com/watch?v=pwE3ZG1kIqw,https://image.tmdb.org/t/p/w500/firAhZA0uQvRL2slp7v3AnOj0ZX.jpg,"Marty Mauser, a young man with a dream no one respects, goes to hell and back in pursuit of greatness.",Cineplex
tmdb-tv-250307,The Pitt,tv,2025,2025-01-09,8.7,Drama,In Theatres,https://www.youtube.com/watch?v=ufR_08V38sQ,https://image.tmdb.org/t/p/w500/kvFSpESyBZMjaeOJDx7RS3P1jey.jpg,The staff of Pittsburgh's Trauma Medical Center work around the clock to save lives in an overcrowded and underfunded emergency department.,
tmdb-tv-91239,Bridgerton,tv,2020,2020-12-25,8.1,Drama,Netflix,https://www.youtube.com/watch?v=gpv7ayf_tyE,https://image.tmdb.org/t/p/w500/uXTg565ahu9RwonCX1V2Hex1NU6.jpg,"Wealth, lust, and betrayal set in the backdrop of Regency era England, seen through the eyes of the powerful Bridgerton family.",
tmdb-movie-1236153,Mercy,movie,2026,2026-01-19,6.9,"Sci-Fi, Action, Thriller",In Theatres,https://www.youtube.com/watch?v=xsyNtyjIFXg,https://image.tmdb.org/t/p/w500/1LzdlxK9ctsnx7nXoGF1ImHKddl.jpg,"In the near future, a detective stands on trial accused of murdering his wife. He has ninety minutes to prove his innocence to the advanced AI Judge he once championed, before it determines his fate.",Cineplex
tmdb-movie-1206008,Ella McCay,movie,2025,2025-12-11,5.4,"Comedy, Drama",In Theatres,https://www.youtube.com/watch?v=pK0wPlOyqNk,https://image.tmdb.org/t/p/w500/iQCtK477yqp6xnHHrQG2P0lXoow.jpg,"An idealistic young politician juggles familial issues and a challenging work life while preparing to take over the job of her mentor, the state’s longtime incumbent governor.",
tmdb-movie-1054867,One Battle After Another,movie,2025,2025-09-23,7.4,"Thriller, Crime, Action",In Theatres,https://www.youtube.com/watch?v=u6GVb4p7oD4,https://image.tmdb.org/t/p/w500/m1jFoahEbeQXtx4zArT2FKdbNIj.jpg,"Washed-up revolutionary Bob exists in a state of stoned paranoia, surviving off-grid with his spirited, self-reliant daughter, Willa. When his evil nemesis resurfaces after 16 years and she goes missi...",
tmdb-tv-44006,Chicago Fire,tv,2012,2012-10-10,8.4,Drama,Disney+,https://www.youtube.com/watch?v=IIeSDILTE5M,https://image.tmdb.org/t/p/w500/r915sk2JpthZSjHEgZKifWxgo6L.jpg,"An edge-of-your-seat view into the lives of everyday heroes committed to one of America's noblest professions. For the firefighters, rescue squad and paramedics of Chicago Firehouse 51, no occupation ...",
tmdb-movie-1272837,28 Years Later: The Bone Temple,movie,2026,2026-01-14,7.2,"Horror, Thriller, Sci-Fi",In Theatres,https://www.youtube.com/watch?v=IZMxrdUXrjg,https://image.tmdb.org/t/p/w500/kK1BGkG3KAvWB0WMV1DfOx9yTMZ.jpg,Dr. Kelson finds himself in a shocking new relationship - with consequences that could change the world as they know it - and Spike's encounter with Jimmy Crystal becomes a nightmare he can't escape.,Cineplex
tmdb-movie-1198994,Send Help,movie,2026,2026-01-22,6.9,"Horror, Thriller, Comedy",In Theatres,https://www.youtube.com/watch?v=tUt2Hb_y5YU,https://image.tmdb.org/t/p/w500/mlV70IuchLZXcXKowjwSpSfdfUB.jpg,"Two colleagues become stranded on a deserted island, the only survivors of a plane crash. On the island, they must overcome past grievances and work together to survive, but ultimately, it's a battle ...",Cineplex
tmdb-tv-4656,Raw,tv,1993,1993-01-11,6.8,Reality,Netflix,https://www.youtube.com/watch?v=FVO6mUQMon8,https://image.tmdb.org/t/p/w500/pv5WNnLUo7mpT8k901Lo8UovrqI.jpg,"A regularly scheduled, live, year-round program featuring some of the biggest WWE Superstars.",
tmdb-tv-58841,Chicago P.D.,tv,2014,2014-01-08,8.4,"Crime, Drama",In Theatres,https://www.youtube.com/watch?v=NZcr9IFS9R0,https://image.tmdb.org/t/p/w500/bez40PgT36RUu4gstD2A6GSM0tP.jpg,A riveting police drama about the men and women of the Chicago Police Department's District 21 who put it all on the line to serve and protect their community. District 21 is made up of two distinctly...,
tmdb-tv-63770,The Late Show with Stephen Colbert,tv,2015,2015-09-08,6.2,"Comedy, Talk",In Theatres,https://www.youtube.com/watch?v=nWufb0qL1xU,https://image.tmdb.org/t/p/w500/9jkThAGYj2yp8jsS6Nriy5mzKFT.jpg,"Stephen Colbert brings his signature satire and comedy to The Late Show with Stephen Colbert, the #1 show in late night, where he talks with an eclectic mix of guests about what is new and relevant in...",
tmdb-tv-61818,Late Night with Seth Meyers,tv,2014,2014-02-25,5.3,"Talk, Comedy",In Theatres,https://www.youtube.com/watch?v=rLwbzGyC6t4,https://image.tmdb.org/t/p/w500/jm95V8XjfvqmEhw0MN09wbg9Mi3.jpg,"Seth Meyers, who is ""Saturday Night Live's"" longest serving anchor on the show's wildly popular ""Weekend Update,"" takes over as host of NBC's ""Late Night"" — home to A-list celebrity guests, memorable ...",
tmdb-tv-117465,Hell's Paradise,tv,2023,2023-04-01,8.1,"Animation, Drama, Action",Netflix,https://www.youtube.com/watch?v=PkCcADlua1w,https://image.tmdb.org/t/p/w500/1V9I7SvZbYoMbSvdtnlkkq9SB1k.jpg,"For a chance at a pardon, a ninja assassin joins other condemned criminals on a journey to a mysterious island to retrieve an elixir of immortality.",
tmdb-tv-75219,9-1-1,tv,2018,2018-01-03,8.2,"Drama, Crime, Action",Disney+,https://www.youtube.com/watch?v=_8MHJfUMqPA,https://image.tmdb.org/t/p/w500/6njUqsd3By2mJsdZm1P0moPLzs3.jpg,"Explore the high-pressure experiences of police officers, paramedics and firefighters who are thrust into the most frightening, shocking and heart-stopping situations. These emergency responders must ...",
tmdb-tv-41956,Death in Paradise,tv,2011,2011-10-25,7.5,"Comedy, Crime, Drama, Mystery",In Theatres,https://www.youtube.com/watch?v=f9B6dljC7ag,https://image.tmdb.org/t/p/w500/u7t6vCyqAdD5hE4eEfTrZmVljDi.jpg,A brilliant but idiosyncratic British detective and his resourceful local team solve baffling murder mysteries on the fictional Caribbean island of Saint Marie.,
tmdb-movie-680493,Return to Silent Hill,movie,2026,2026-01-21,5.3,"Horror, Mystery",In Theatres,https://www.youtube.com/watch?v=cbFSZ_8r58Y,https://image.tmdb.org/t/p/w500/fqAGFN2K2kDL0EHxvJaXzaMUkkt.jpg,"When James receives a mysterious letter from his lost love Mary, he is drawn to Silent Hill—a once-familiar town now consumed by darkness. As he searches for her, James faces monstrous creatures and u...",Cineplex
tmdb-movie-1575337,Cosmic Princess Kaguya!,movie,2026,2026-01-22,8.4,"Animation, Fantasy, Music, Sci-Fi",Netflix,https://www.youtube.com/watch?v=uine6d15yGE,https://image.tmdb.org/t/p/w500/9I9cM38gecZcwJ0C6r0cwfvtPJP.jpg,"Iroha's life gets knocked off its orbit when Kaguya, a carefree runaway from the Moon, moves in and convinces her to perform in a virtual world together.",
tmdb-movie-1062722,Frankenstein,movie,2025,2025-10-17,7.7,"Drama, Fantasy, Horror",Netflix,https://www.youtube.com/watch?v=9WZllcEgWrM,https://image.tmdb.org/t/p/w500/g4JtvGlQO7DByTI6frUobqvSL3R.jpg,"Dr. Victor Frankenstein, a brilliant but egotistical scientist, brings a creature to life in a monstrous experiment that ultimately leads to the undoing of both the creator and his tragic creation.",
tmdb-tv-80240,The Queen of Flow,tv,2018,2018-06-12,8.0,Drama,Netflix,https://www.youtube.com/watch?v=sZjBH4cuO5k,https://image.tmdb.org/t/p/w500/fuVuDYrs8sxvEolnYr0wCSvtyTi.jpg,"After spending seventeen years in prison unfairly, a talented songwriter seeks revenge on the men who sank her and killed her family.",
tmdb-tv-62650,Chicago Med,tv,2015,2015-11-17,8.3,Drama,In Theatres,https://www.youtube.com/watch?v=U2NZ7G02e40,https://image.tmdb.org/t/p/w500/9eym662FRJJb9wdgCiDKPDciZzf.jpg,An emotional thrill ride through the day-to-day chaos of the city's most explosive hospital and the courageous team of doctors who hold it together. They will tackle unique new cases inspired by topic...,
tmdb-tv-90,Mayday,tv,2003,2003-09-03,8.2,"Documentary, Drama, Crime",In Theatres,https://www.youtube.com/watch?v=D1PRxyN3qf0,https://image.tmdb.org/t/p/w500/sUfJxQarDfBMgmJgsgJqmVP16UU.jpg,Major real-life air disasters are depicted in this series. Each episode features a detailed dramatized reconstruction of the incident based on cockpit voice recorders and air traffic control transcrip...,
tmdb-tv-226637,High Potential,tv,2024,2024-09-17,8.0,"Drama, Crime, Mystery",Disney+,https://www.youtube.com/watch?v=W6zbdYNg9Rs,https://image.tmdb.org/t/p/w500/xCtaUDBUP1iKqtoqpHfeH1T2pWF.jpg,"Morgan is a single mom with an exceptional mind, whose unconventional knack for solving crimes leads to an unusual and unstoppable partnership with a by-the-book seasoned detective.",
tmdb-tv-98123,The Daily Life of the Immortal King,tv,2020,2020-01-18,8.3,"Animation, Comedy, Action",In Theatres,https://www.youtube.com/watch?v=ugUm2Q0FNq8,https://image.tmdb.org/t/p/w500/7By0jV3kf9MVvv3X3K8u4mhRUwp.jpg,"As a cultivation genius who has achieved a new realm every two years since he was a year old, Wang Ling is a near-invincible existence with prowess far beyond his control. But now that he’s sixteen, h...",
tmdb-tv-281401,Finding Her Edge,tv,2026,2026-01-22,7.1,Drama,Netflix,https://www.youtube.com/watch?v=ppZ3qgtFOME,https://image.tmdb.org/t/p/w500/rundKWddXHke82ee8Sv9KJmuGhn.jpg,A former ice dancer returns to the rink with an exciting new partner while holding onto feelings for her old one — her first love.,
tmdb-movie-858024,Hamnet,movie,2025,2025-11-26,7.8,"Drama, Romance, History",In Theatres,https://www.youtube.com/watch?v=I06-qKLtxCk,https://image.tmdb.org/t/p/w500/61xMzN4h8iLk0hq6oUzr9Ts6GE9.jpg,"The powerful story of love and loss that inspired the creation of Shakespeare's timeless masterpiece, Hamlet.",
tmdb-movie-1315303,Primate,movie,2026,2026-01-01,6.6,"Horror, Thriller",In Theatres,https://www.youtube.com/watch?v=jElnR65Otoo,https://image.tmdb.org/t/p/w500/z97hrgI5wbGbZvSVkBfAeBnFKAg.jpg,"Lucy, a college student, along with her friends, spend their vacation at her family's home in Hawaii, which includes her pet chimpanzee, Ben. However, when Ben contracts rabies after being bitten by a...",Cineplex
tmdb-movie-1220564,The Secret Agent,movie,2025,2025-07-23,7.7,"Crime, Drama, Thriller",In Theatres,https://www.youtube.com/watch?v=9UfrzDKrhEc,https://image.tmdb.org/t/p/w500/iLE2YOmeboeTDC7GlOp1dzh1VFo.jpg,"Brazil, 1977. Marcelo, a technology expert in his early 40s, is on the run. Hoping to reunite with his son, he travels to Recife during Carnival but soon realizes that the city is not the safe haven h...",
tmdb-movie-911430,F1,movie,2025,2025-06-25,7.8,"Action, Drama",Apple TV+,https://www.youtube.com/watch?v=yQhnhH2adFM,https://image.tmdb.org/t/p/w500/vqBmyAj0Xm9LnS1xe1MSlMAJyHq.jpg,Racing legend Sonny Hayes is coaxed out of retirement to lead a struggling Formula 1 team—and mentor a young hotshot driver—while chasing one more chance at glory.,
tmdb-movie-1208348,Rental Family,movie,2025,2025-11-20,7.8,"Comedy, Drama",In Theatres,https://www.youtube.com/watch?v=WcsoZYwhlxw,https://image.tmdb.org/t/p/w500/A5lswNlytTUrnMWsuD0NFfhZlf3.jpg,"An American actor in Tokyo struggles to find purpose until he lands an unusual gig: working for a Japanese 'rental family' agency, playing stand-in roles for strangers. As he immerses himself in his c...",
tmdb-tv-223530,Star Trek: Starfleet Academy,tv,2026,2026-01-15,5.0,Action,Paramount Plus,https://www.youtube.com/watch?v=rHDDzcyNWGs,https://image.tmdb.org/t/p/w500/m4JnADIJkF5ck6jq7GUEcPBKxd0.jpg,"A young group of cadets come together to pursue a common dream of hope and optimism. Under the watchful and demanding eyes of their instructors, they will discover what it takes to become Starfleet of...",
tmdb-movie-639988,No Other Choice,movie,2025,2025-12-25,7.7,"Crime, Thriller, Comedy",In Theatres,https://www.youtube.com/watch?v=qdW-NLafWOA,https://image.tmdb.org/t/p/w500/zqxc2O6eOcPdkcmvem9kgGHvkmM.jpg,"After being laid off and humiliated by a ruthless job market, a veteran paper mill manager descends into violence in a desperate bid to reclaim his dignity.",Cineplex
tmdb-tv-61859,The Night Manager,tv,2016,2016-02-21,7.7,"Drama, Mystery, Crime",In Theatres,https://www.youtube.com/watch?v=ZoJ3lu03jug,https://image.tmdb.org/t/p/w500/1MccRnw41qQjREuZkovqP2UX1i3.jpg,Former British soldier Jonathan Pine navigates the shadowy recesses of Whitehall and Washington where an unholy alliance operates between the intelligence community and the secret arms trade. To infil...,
tmdb-movie-701387,Bugonia,movie,2025,2025-10-23,7.4,"Sci-Fi, Thriller, Comedy",In Theatres,https://www.youtube.com/watch?v=gZ6pPFK6kaQ,https://image.tmdb.org/t/p/w500/rSdOua3wKMEaFWDcKAYWRjXQWOt.jpg,"Two conspiracy obsessed young men kidnap the high-powered CEO of a major company, convinced that she is an alien intent on destroying planet Earth.",
tmdb-tv-136311,Shrinking,tv,2023,2023-01-26,7.8,"Drama, Comedy",Apple TV+,https://www.youtube.com/watch?v=YjHfjQDWl1A,https://image.tmdb.org/t/p/w500/zEFKMNPBKq6JG7uuDkzTQ9WwErn.jpg,"Jimmy is struggling to grieve the loss of his wife while being a dad, friend, and therapist. He decides to try a new approach with everyone in his path: unfiltered, brutal honesty. Will it make things...",
tmdb-movie-1246049,Dracula,movie,2026,2026-02-06,7.2,"Horror, Fantasy, Romance",In Theatres,https://www.youtube.com/watch?v=hverb7siYJ8,https://image.tmdb.org/t/p/w500/ykyRfv7JDofLxXLAwtLXaSuaFfM.jpg,"When a 15th-century prince denounces God after the devastating loss of his wife, he inherits an eternal curse: he becomes Dracula. Condemned to wander the centuries, he defies fate and death itself, g...",
tmdb-tv-198102,Hijack,tv,2023,2023-06-28,7.6,Drama,Apple TV+,https://www.youtube.com/watch?v=WxwKzsklvJo,https://image.tmdb.org/t/p/w500/2C51clnxQdiqPDeqQlXcUx70hse.jpg,Expert negotiator Sam Nelson is in for the ride of his life—and so is everyone on board with him—after a group of hijackers take control. Sam will try every move in his playbook to take them down...as...,
tmdb-tv-225171,Pluribus,tv,2025,2025-11-06,7.9,Drama,Apple TV+,https://www.youtube.com/watch?v=a6lzvWby9UE,https://image.tmdb.org/t/p/w500/nrM2xFUfKJJEmZzd5d7kohT2G0C.jpg,The most miserable person on Earth must save the world from happiness.,
tmdb-tv-249907,Sentenced to Be a Hero,tv,2026,2026-01-03,9.0,"Animation, Action",In Theatres,https://www.youtube.com/watch?v=B5qZX2kh-7w,https://image.tmdb.org/t/p/w500/k8bh5mvHDx3czHSF56v9lRyulLC.jpg,"In a world where heroism is a punishment, Xylo Forbartz, a condemned goddess killer, battles endless hordes of monstrous abominations as part of Penal Hero Unit 9004. Death is no escape, only a cycle ...",
tmdb-tv-203737,【OSHI NO KO】,tv,2023,2023-04-12,8.3,"Animation, Drama",In Theatres,https://www.youtube.com/watch?v=FQLfj75E2JI,https://image.tmdb.org/t/p/w500/rFp74PFpz14AHrtlVPrLyrSng47.jpg,A small-town doctor gets sucked into the ruthless world of show business when he crosses paths with a popular teen idol who holds a secret.,
tmdb-movie-120,The Lord of the Rings: The Fellowship of the Ring,movie,2001,2001-12-19,8.4,"Adventure, Fantasy, Action",In Theatres,https://www.youtube.com/watch?v=CbYmZOV3G-Q,https://image.tmdb.org/t/p/w500/6oom5QYQ2yQTMJIbnvbkBL9cHo6.jpg,"Young hobbit Frodo Baggins, after inheriting a mysterious ring from his uncle Bilbo, must leave his home in order to keep it from falling into the hands of its evil creator. Along the way, a fellowshi...",Cineplex
tmdb-movie-1151272,Sirāt,movie,2025,2025-06-06,6.8,"Drama, Thriller, Music",In Theatres,https://www.youtube.com/watch?v=3_9OkHX8ZiA,https://image.tmdb.org/t/p/w500/bzBtsLi17rK4G6kDvOXfUZfAhca.jpg,"A man and his son arrive at a rave lost in the mountains of Morocco. They are looking for Marina, their daughter and sister, who disappeared months ago at another rave. Driven by fate, they decide to ...",
tmdb-movie-1124566,Sentimental Value,movie,2025,2025-08-20,7.6,Drama,In Theatres,https://www.youtube.com/watch?v=zBFstFXdk90,https://image.tmdb.org/t/p/w500/pz9NCWxxOk3o0W3v1Zkhawrwb4i.jpg,"Sisters Nora and Agnes reunite with their estranged father, the charismatic Gustav, a once-renowned director who offers stage actress Nora a role in what he hopes will be his comeback film. When Nora ...",
tmdb-tv-291339,Memory of a Killer,tv,2026,2026-01-25,8.2,Crime,Hulu,https://www.youtube.com/watch?v=TdenhFzKenM,https://image.tmdb.org/t/p/w500/3kpXrWW6gmlngwgSa52IhBpjPuz.jpg,"Angelo Ledda lives two totally separate lives — fearsome NYC hitman and sleepy upstate Cooperstown photocopier salesman and father. Both of them are threatened when he is diagnosed with Alzheimer's, a...",
tmdb-movie-1290821,Shelter,movie,2026,2026-01-28,7.5,"Action, Crime, Thriller",In Theatres,https://www.youtube.com/watch?v=kCY4Y3Y8UpA,https://image.tmdb.org/t/p/w500/klvZs66SG19qmacdwxSRkdFQhQS.jpg,"A man living in self-imposed exile on a remote island rescues a young girl from a violent storm, setting off a chain of events that forces him out of seclusion to protect her from enemies tied to his ...",Cineplex
tmdb-movie-122,The Lord of the Rings: The Return of the King,movie,2003,2003-12-17,8.5,"Adventure, Fantasy, Action",In Theatres,https://www.youtube.com/watch?v=1zPLzpqjO4U,https://image.tmdb.org/t/p/w500/rCzpDGLbOoPwLjy3OAm5NUPOTrC.jpg,"As armies mass for a final battle that will decide the fate of the world--and powerful, ancient forces of Light and Dark compete to determine the outcome--one member of the Fellowship of the Ring is r...",Cineplex
tmdb-movie-1241983,Train Dreams,movie,2025,2025-11-05,7.3,Drama,Netflix,https://www.youtube.com/watch?v=6voWeM-xQ4Y,https://image.tmdb.org/t/p/w500/wfzYOVdafdbD1d3SxNqiBtV2Yhx.jpg,A logger leads a life of quiet grace as he experiences love and loss during an era of monumental change in early 20th-century America.,
tmdb-movie-121,The Lord of the Rings: The Two Towers,movie,2026,2026-01-17,8.4,"Adventure, Fantasy, Action",In Theatres,https://www.youtube.com/watch?v=HUkDW37WaI0,https://image.tmdb.org/t/p/w500/5VTN0pR8gcqV3EPUHHfMGnJYN9L.jpg,"Frodo Baggins and the other members of the Fellowship continue on their sacred quest to destroy the One Ring--but on separate paths. Their destinies lie at two towers--Orthanc Tower in Isengard, where...",Cineplex
tmdb-movie-1371185,Song Sung Blue,movie,2025,2025-12-25,7.5,"Drama, Music, Romance",In Theatres,https://www.youtube.com/watch?v=Hm12K_cuLWA,https://image.tmdb.org/t/p/w500/kQzDdxI0F5z16qo2vzDoqdVMl4O.jpg,"Based on a true story, two down-on-their-luck musicians form a joyous Neil Diamond tribute band, proving it's never too late to find love and follow your dreams.",Cineplex
tmdb-movie-801937,"Silent Night, Deadly Night",movie,2025,2025-12-11,5.9,"Horror, Thriller",In Theatres,https://www.youtube.com/watch?v=wIi7YOvQe7s,https://image.tmdb.org/t/p/w500/xCdSd7NnRdnL8DGLVhI95WhUNoi.jpg,"After witnessing his parents' brutal murder on Christmas Eve, Billy transforms into a Killer Santa, delivering a yearly spree of calculated, chilling violence. This year, his blood-soaked mission coll...",
tmdb-movie-1316092,"""Wuthering Heights""",movie,2026,2026-02-11,TBD,"Drama, Romance",In Theatres,https://www.youtube.com/watch?v=VaSo2ur9_7s,https://image.tmdb.org/t/p/w500/ywRO5dyE8RyyXJd6cvd69jLZeic.jpg,"Tragedy strikes when Heathcliff falls in love with Catherine Earnshaw, a woman from a wealthy family in 18th-century England.",
tmdb-movie-1297842,GOAT,movie,2026,2026-02-07,TBD,"Animation, Comedy, Family, Action",In Theatres,https://www.youtube.com/watch?v=CnBlvCfzGb8,https://image.tmdb.org/t/p/w500/oXIj3R3QxcQ9wkv9YBWouBNmnFZ.jpg,"Will, a small goat with big dreams, gets a once-in-a-lifetime shot to join the pros and play roarball – a high-intensity, co-ed, full-contact sport dominated by the fastest, fiercest animals in the wo...",
tmdb-movie-1116201,Iron Lung,movie,2026,2026-01-29,TBD,"Horror, Sci-Fi",In Theatres,https://www.youtube.com/watch?v=IaEtA56pd_w,https://image.tmdb.org/t/p/w500/sIwakdbMGS1krtgendTWpxTY9Hw.jpg,The stars are gone. The planets have disappeared. Only individuals aboard space stations or starships were left to give the end a name - The Quiet Rapture. After decades of decay and crumbling infrast...,Cineplex
tmdb-movie-696393,Cold Storage,movie,2026,2026-02-13,4.0,"Comedy, Sci-Fi, Thriller",In Theatres,https://www.youtube.com/watch?v=L9biJQ3rn_8,https://image.tmdb.org/t/p/w500/pfqkETJ2A3zXZJuNcufZbAJNnKA.jpg,"When a mutating, highly contagious fungus escapes a sealed facility, two young employees – joined by a grizzled bioterror operative – must survive the wildest night shift ever to save humanity from ex...",
tmdb-movie-1480382,The Voice of Hind Rajab,movie,2026,2026-01-23,8.2,Drama,In Theatres,https://www.youtube.com/watch?v=JkeKrG0YONQ,https://image.tmdb.org/t/p/w500/fBcBY8kdBiPsRdtkbldwg3ThlyJ.jpg,"January 29, 2024. Red Crescent volunteers receive an emergency call. A five-year old girl is trapped in a car under fire in Gaza, pleading for rescue. While trying to keep her on the line, they do eve...",Cineplex
tmdb-tv-218961,Drops of God,tv,2023,2023-04-21,7.6,"Drama, Mystery",Apple TV+,https://www.youtube.com/watch?v=3_y2j72Cfe4,https://image.tmdb.org/t/p/w500/t3OGrj5z0RSv7GaPxtcNneu2JCr.jpg,"While the world of wine mourns the death of Alexandre Léger, his estranged daughter, Camille, learns his extraordinary collection is now hers. But before she can claim her inheritance, Camille must be...",
tmdb-movie-1159559,Scream 7,movie,2026,2026-02-25,TBD,"Horror, Mystery, Crime",In Theatres,https://www.youtube.com/watch?v=kFdDOLP5mXY,https://image.tmdb.org/t/p/w500/jjyuk0edLiW8vOSnlfwWCCLpbh5.jpg,"When a new Ghostface killer emerges in the quiet town where Sidney Prescott has built a new life, her darkest fears are realized as her daughter becomes the next target. Determined to protect her fami...",
tmdb-movie-1379266,Kokuho,movie,2026,2026-02-06,8.2,Drama,In Theatres,https://www.youtube.com/watch?v=Y0KfXj3Skao,https://image.tmdb.org/t/p/w500/a15F5KJ4mleusJR1YKP4zUyZaxG.jpg,"Nagasaki, 1964: Following the death of his yakuza father, 15-year-old Kikuo is taken under the wing of a famous kabuki actor. Alongside Shunsuke, the actor’s only son, he decides to dedicate himself t...",
tmdb-movie-1413097,Melania,movie,2026,2026-01-30,3.0,Documentary,In Theatres,https://www.youtube.com/watch?v=dxXJAqOU00g,https://image.tmdb.org/t/p/w500/ba6Silct0Y4pyvrSv0Tj0Urmx9f.jpg,Offering unprecedented access to the 20 days leading up to the 2025 Presidential Inauguration — through the eyes of the First Lady-elect herself — step inside Melania Trump's world as she orchestrates...,Cineplex
tmdb-movie-1262815,The Choral,movie,2026,2026-01-09,6.6,"Comedy, Drama, Music",In Theatres,https://www.youtube.com/watch?v=6zRVP-ZgMm8,https://image.tmdb.org/t/p/w500/yQtms7CSM0CE0W6dYbLLAATb5rL.jpg,"As World War I rages on, Dr. Henry Guthrie takes over a British choral society that's lost most of its men to the army. The community soon discovers that the best response to the chaos of war is to ma...",Cineplex
tmdb-movie-1171145,Crime 101,movie,2026,2026-02-12,TBD,"Crime, Thriller",In Theatres,https://www.youtube.com/watch?v=KeEHsuZ4Ja4,https://image.tmdb.org/t/p/w500/fDj8ZATOTmiFy7BF43L3XLIOrf0.jpg,"When an elusive thief whose high-stakes heists unfold along the iconic 101 freeway in Los Angeles eyes the score of a lifetime, with hopes of this being his final job, his path collides with a disillu...",
tmdb-movie-1159206,Father Mother Sister Brother,movie,2026,2026-01-10,6.7,"Comedy, Drama",In Theatres,https://www.youtube.com/watch?v=PA07EmbZ0b0,https://image.tmdb.org/t/p/w500/zewZA6sL52YSH8xIH4wbG5GadjV.jpg,"Three stories concerning the relationships between adult children, their somewhat distant parent (or parents), and each other: a reclusive father visited by his grown children in the US, sisters visit...",Cineplex
tmdb-movie-1202549,The Well,movie,2026,2026-01-23,TBD,"Drama, Thriller",In Theatres,https://www.youtube.com/watch?v=IsGm5UAJMs4,https://image.tmdb.org/t/p/w500/4LaC3a1ZMrIBXsDGaPFHaa2mzCI.jpg,"In a world where environmental collapse has left survivors to fight for the precious resources needed to survive, a young woman’s loyalties are tested by the arrival of a wounded man. When he discover...",Cineplex
tmdb-movie-1198984,We Bury the Dead,movie,2026,2026-01-02,6.4,"Horror, Thriller, Sci-Fi, Drama",In Theatres,https://www.youtube.com/watch?v=iE-W-wEJJqw,https://image.tmdb.org/t/p/w500/vWOALCjS3cANciJKkG0qV8k1izW.jpg,"After a catastrophic military disaster, the dead don't just rise—they hunt. The military insists they are harmless and slow-moving, offering hope to grieving families. But when Ava enters a quarantine...",Cineplex
tmdb-movie-1510688,Call Me Mother,movie,2026,2026-01-09,8.0,"Comedy, Drama",In Theatres,https://www.youtube.com/watch?v=cFZmGrP108E,https://image.tmdb.org/t/p/w500/p0umaKN4HpuA8ynXNofbOuhz7ON.jpg,"Twinkle is a single queer mother whose dream of officially adopting her son gets shaken when the boy's biological mother, Mara, unexpectedly reappears.",Cineplex
tmdb-movie-1193501,Whistle,movie,2026,2026-02-06,2.0,"Horror, Mystery",In Theatres,https://www.youtube.com/watch?v=K784dJXVhBo,https://image.tmdb.org/t/p/w500/ieOiiCBbf0SNwR39iiA2xnGOnab.jpg,"When a group of misfit teenagers stumble upon an ancient Aztec death whistle, they learn that by blowing it, its terrifying sound will invoke their future deaths to hunt them down. As the body count r...",
tmdb-movie-1154538,Nirvanna the Band the Show the Movie,movie,2026,2026-02-13,TBD,"Comedy, Sci-Fi, Adventure",In Theatres,https://www.youtube.com/watch?v=y2K9ccMREOI,https://image.tmdb.org/t/p/w500/sm5TGX8WbnCd9Uo26cLyTxVwA1n.jpg,"When their plan to book a show at the Rivoli goes horribly wrong, Matt and Jay accidentally travel back to the year 2008.",
tmdb-movie-870360,The Day the Earth Blew Up: A Looney Tunes Movie,movie,2025,2025-03-14,7.6,"Family, Comedy, Adventure, Animation, Sci-Fi",In Theatres,https://www.youtube.com/watch?v=rfavar8cEPs,https://image.tmdb.org/t/p/w500/s2lB1kaYCdGSnZX5meQCiOR6HfX.jpg,"Porky and Daffy, the classic animated odd couple, turn into unlikely heroes when their antics at the local bubble gum factory uncover a secret alien mind control plot. Against all odds, the two are de...",Cineplex
tmdb-movie-1429348,The Stranger,movie,2026,2026-01-16,6.8,"Drama, Crime",In Theatres,https://www.youtube.com/watch?v=gR912kHSOlA,https://image.tmdb.org/t/p/w500/11lx7Isd86SIPeNuWlAPjYTfr57.jpg,"In 1930s Algeria, the daily life of an indifferent Frenchman is shaken by the death of his mother and a fateful encounter on a beach.",Cineplex
tmdb-movie-1395140,Lupin the IIIRD: The Movie - The Immortal Bloodline,movie,2026,2026-01-09,8.0,"Animation, Action, Crime",In Theatres,https://www.youtube.com/watch?v=_xHWDNnU7ps,https://image.tmdb.org/t/p/w500/oqipJVMlnXeDakXtINMeIAl341q.jpg,"After fending off a series of skilled assassins, gentleman thief Lupin III and his band of allies follow a strange invitation to an uncharted island. When their plane is shot down, the gang is strande...",Cineplex
tmdb-movie-1305715,Unexpected Family,movie,2026,2026-02-06,7.3,"Comedy, Drama",In Theatres,https://www.youtube.com/watch?v=qo_ci3zwRVw,https://image.tmdb.org/t/p/w500/jTuu8wLW2RUg1IzX4IC7wqpsjIo.jpg,"For family reasons, Zhong Bufan, a young man from a small town, flees his home to try to reach Beijing. On the way, he crosses paths with Ren Jiqing, an old man suffering from Alzheimer's disease who ...",
tmdb-movie-1128547,Islands,movie,2026,2026-01-30,6.2,"Thriller, Drama, Crime",In Theatres,https://www.youtube.com/watch?v=MifpmLyraBE,https://image.tmdb.org/t/p/w500/a5CewSvoMsfAdg093AKzovKfVHd.jpg,"In this twisty thriller, a tennis coach at a tropical resort finds himself at the center of a missing persons mystery. Tom teaches tennis during the day and parties at night. When an enigmatic tourist...",Cineplex
tmdb-movie-959646,Zombie Land Saga: Yumeginga Paradise,movie,2026,2026-01-19,TBD,"Animation, Comedy, Music, Action",In Theatres,https://www.youtube.com/watch?v=G1nG-AKY7Yk,https://image.tmdb.org/t/p/w500/a4xxEU8MQLaVeduHUe3nn7m5iXd.jpg,"Zombies × Idols × Saga — Seriously!? What kind of madness will this outrageous, expectation-defying anime unleash on the big screen!? Legendary girls return as zombies to fight as Saga's local idols i...",Cineplex
tmdb-movie-467905,How to Make a Killing,movie,2026,2026-02-20,TBD,"Comedy, Thriller, Drama",In Theatres,https://www.youtube.com/watch?v=B7RslMKZ2Yc,https://image.tmdb.org/t/p/w500/yQ7OP2HYxl9YmkWNMkuUA2YaF5.jpg,"Disowned at birth by his obscenely wealthy family, blue-collar Becket Redfellow will stop at nothing to reclaim his inheritance, no matter how many relatives stand in his way.",
tmdb-movie-1537690,Busted Water Pipes,movie,2026,2026-01-30,TBD,"Comedy, Crime",In Theatres,https://www.youtube.com/watch?v=YJizr6Sgri4,https://image.tmdb.org/t/p/w500/kDsSmwtX8N0wmxRRdxjgYHenFNe.jpg,"A crime-fighting cop maintains a zero-crime rate and faces job loss, so he decides to fabricate a major case, unaware that actual grave robbers are targeting a treasure-filled tomb located directly be...",Cineplex
tmdb-movie-1339173,Honey Bunch,movie,2026,2026-01-23,TBD,"Drama, Thriller",In Theatres,https://www.youtube.com/watch?v=7bG6ymmZM7s,https://image.tmdb.org/t/p/w500/rR6zS2sPpcjND92cCLmsuMNok7M.jpg,"Diana's husband is taking her to an experimental trauma facility deep in the wilderness, but she can't remember why... As her memories begin to creep back in so do some unwelcome sinister truths about...",Cineplex
tmdb-movie-1263012,Dead Man's Wire,movie,2026,2026-01-16,6.3,"Crime, Drama",In Theatres,https://www.youtube.com/watch?v=0dTPOrJXqOw,https://image.tmdb.org/t/p/w500/71FPde8V7DbnAHgUZfwrpxPOFG6.jpg,"In 1977, former real estate developer Tony Kiritsis puts a dead man's switch on himself and the mortgage banker who did him wrong, demanding $5 million and a personal apology.",Cineplex
tmdb-movie-766520,Rosemead,movie,2026,2026-01-09,7.0,Drama,In Theatres,https://www.youtube.com/watch?v=IwQy6jV1QCM,https://image.tmdb.org/t/p/w500/uVilyfKrB5ZkhXh7MMaIaevzueR.jpg,"In a race against time, an ailing woman discovers her teenage son's violent obsessions and must go to great lengths to protect him, and possibly others, in this portrait of a Chinese American family. ...",Cineplex
tmdb-movie-524635,The Chronology of Water,movie,2026,2026-01-16,6.9,Drama,In Theatres,https://www.youtube.com/watch?v=OycsHnfoVz0,https://image.tmdb.org/t/p/w500/a0myciW2wnVBOB1fnHLUOVgX0fD.jpg,"Growing up in an environment torn apart by violence and alcohol, a young woman finds her voice through the written word and her salvation as a swimmer.",Cineplex
tmdb-movie-1403189,Follies,movie,2026,2026-01-30,TBD,"Comedy, Romance",In Theatres,https://www.youtube.com/watch?v=w1ZfKWzpTt4,https://image.tmdb.org/t/p/w500/8gPI34eVTkBXLXDFBQJbDeAOvsP.jpg,"François and Julie, together for 16 years and parents of two children, can no longer connect intimately. They decide to open up their relationship in order to engage in sexual follies that will allow ...",Cineplex
tmdb-movie-1422562,The Moment,movie,2026,2026-02-06,4.0,"Drama, Comedy, Music",In Theatres,https://www.youtube.com/watch?v=2oiLhpZp7sY,https://image.tmdb.org/t/p/w500/txnHhq3GA1zDxZQMk2igq9CyA8v.jpg,"A rising pop sensation navigates fame and industry pressures while preparing for her arena tour debut, revealing the transformation of underground culture into mainstream success.",
tmdb-movie-1445363,EPiC: Elvis Presley in Concert,movie,2026,2026-02-20,TBD,"Music, Documentary",In Theatres,https://www.youtube.com/watch?v=2s_dCvUgOBI,https://image.tmdb.org/t/p/w500/433YxgwVpX8sUPbqzjTAQjLkPX0.jpg,"A mix of a documentary and concert film made using unused footage from Elvis: That's the Way It Is, the film of Elvis' legendary 1970 Summer Festival in Las Vegas and Elvis's road concert film from tw...",
tmdb-movie-1276521,Charlie the Wonderdog,movie,2026,2026-01-16,TBD,"Action, Animation, Adventure, Comedy",In Theatres,https://www.youtube.com/watch?v=uUDfO0Q4sog,https://image.tmdb.org/t/p/w500/whvkL0wzxgKmVbaPontq9NlVd5z.jpg,"Timid nine year old Danny teams up with his beloved family dog Charlie, who gets abducted by aliens and returns with superpowers, to thwart a plan by the neighbor's sinister cat Puddy to destroy human...",Cineplex
tmdb-movie-1432547,ALL YOU NEED IS KILL,movie,2026,2026-01-16,6.0,"Animation, Action, Mystery, Sci-Fi",In Theatres,https://www.youtube.com/watch?v=0YpXN40vIxM,https://image.tmdb.org/t/p/w500/kznh3ACnXYVyyAYes7JN6i1wy2d.jpg,"When a massive alien flower known as ""Darol"" unexpectedly erupts in a deadly event, unleashing monstrous creatures that decimate the population of Japan, Rita is caught in the destruction—and killed. ...",Cineplex
tmdb-movie-1432605,My Father's Shadow,movie,2026,2026-02-06,8.0,"Drama, History",In Theatres,https://www.youtube.com/watch?v=50ICTaEuQxg,https://image.tmdb.org/t/p/w500/aLQYyqWlIBBU3L8L84txbh0x1nq.jpg,"Two young brothers explore Lagos with their estranged father during the 1993 Nigerian election crisis, witnessing both the city's magnitude and their father's daily struggles as political unrest threa...",
tmdb-movie-1458322,Two Sleepy People,movie,2026,2026-01-23,TBD,"Romance, Comedy, Drama",In Theatres,https://www.youtube.com/watch?v=xI3pH4X1ZcU,https://image.tmdb.org/t/p/w500/5EjVkMVZroBXTgDFdkW27NS6CD9.jpg,"Two Sleepy People is a story about two coworkers who, after taking a new line of melatonin gummies, are trapped in the same dream every night.",Cineplex
tmdb-movie-1309725,The Richest Woman in the World,movie,2026,2026-01-02,5.9,"Drama, Comedy",In Theatres,https://www.youtube.com/watch?v=w0SzsfPzB7g,https://image.tmdb.org/t/p/w500/sxaMtiQLgUhMbvuSxNo5BZZ7EVs.jpg,An elderly billionaire woman gives hundreds of millions of euros to a younger gay artist she is close to. Her daughter files a complaint for abuse of a vulnerable person and a scandal erupts.,Cineplex
m-2026-hot-new-this-week,Hot & New This Week,movie,2026,2026-01-28,TBD,Drama,In Theatres,,https://image.tmdb.org/t/p/w500/placeholder.jpg,Featured trailer — new this week.,
m-2026-iron-lung,Iron Lung,movie,2026,2026-01-30,TBD,"Horror, Sci-Fi, Thriller",In Theatres,,https://image.tmdb.org/t/p/w500/ironlungposter.jpg,"Based on the cult classic indie game, a prisoner is sent into an ocean of blood on a desolate moon in a leaky submarine.",
m-2026-shelter,Shelter,movie,2026,2026-01-30,TBD,"Action, Thriller",In Theatres,,https://image.tmdb.org/t/p/w500/shelter2026.jpg,A survival thriller following a family trapped in an underground bunker as the world above collapses.,
m-2026-send-help,Send Help,movie,2026,2026-01-30,TBD,"Horror, Thriller",In Theatres,,https://image.tmdb.org/t/p/w500/sendhelp2026.jpg,A group of friends on a remote island find themselves hunted by an unknown entity after sending a distress signal.,
m-2026-bone-temple,28 Years Later: The Bone Temple,movie,2026,2026-01-16,TBD,"Horror, Action, Sci-Fi",In Theatres,,https://image.tmdb.org/t/p/w500/28yearslaterbone.jpg,"The latest chapter in the post-apocalyptic saga, exploring a new community's struggle for survival.",
m-2026-zootopia-2,Zootopia 2,movie,2026,2026-01-28,TBD,"Animation, Adventure, Comedy",In Theatres,,https://image.tmdb.org/t/p/w500/zootopia2poster.jpg,Judy Hopps and Nick Wilde return for a new mystery in the sprawling city of Zootopia.,
m-2026-marty-supreme,Marty Supreme,movie,2026,2026-01-28,TBD,"Drama, Biography",In Theatres,,https://image.tmdb.org/t/p/w500/martysupreme.jpg,A biographical drama about the life and career of a legendary ping-pong player.,
m-2026-housemaid,The Housemaid,movie,2026,2026-01-28,TBD,"Thriller, Drama",In Theatres,,https://image.tmdb.org/t/p/w500/housemaidposter.jpg,A psychological thriller about a housemaid who becomes entangled in the secrets of the wealthy family she works for.,
m-2026-mercy,Mercy,movie,2026,2026-01-23,TBD,"Action, Sci-Fi, Thriller",In Theatres,,https://image.tmdb.org/t/p/w500/mercy2026poster.jpg,A sci-fi action thriller about a detective who discovers a conspiracy involving advanced technology.,
m-2026-return-silent-hill,Return to Silent Hill,movie,2026,2026-01-23,TBD,"Horror, Mystery",In Theatres,,https://image.tmdb.org/t/p/w500/returnsilenthill.jpg,A man returns to the mysterious town of Silent Hill to find his missing love.,
m-2026-charlie-wonderdog,Charlie the Wonderdog,movie,2026,2026-01-16,TBD,"Comedy, Family",In Theatres,,https://image.tmdb.org/t/p/w500/charliewonderdog.jpg,A family comedy about a heroic dog who becomes a local sensation after saving a group of children.,
m-2026-dead-mans-wire,Dead Man's Wire,movie,2026,2026-01-16,TBD,"Crime, Thriller",In Theatres,,https://image.tmdb.org/t/p/w500/deadmanswire.jpg,A crime thriller about a heist gone wrong and the deadly consequences that follow.,
m-2026-hamnet,Hamnet,movie,2026,2026-01-28,TBD,"Drama, History",In Theatres,,https://image.tmdb.org/t/p/w500/hamnetposter.jpg,"A historical drama about the short life of William Shakespeare's only son, Hamnet, and the impact of his death on his parents.",
m-2026-song-sung-blue,Song Sung Blue,movie,2026,2026-01-28,TBD,"Drama, Music, Romance",In Theatres,,https://image.tmdb.org/t/p/w500/songsungblue.jpg,A biographical musical drama about a couple who form a Neil Diamond tribute band.,
m-2025-spongebob-squarepants,The SpongeBob Movie: Search for SquarePants,movie,2025,2025-12-19,TBD,"Animation, Adventure, Family",In Theatres,,https://image.tmdb.org/t/p/w500/spongebob2025.jpg,SpongeBob and his friends embark on an epic quest to find him after he goes missing from Bikini Bottom.,
m-2026-testament-ann-lee,The Testament of Ann Lee,movie,2026,2026-01-16,TBD,"Drama, History",In Theatres,,https://image.tmdb.org/t/p/w500/testamentannlee.jpg,A historical drama exploring the life and spiritual journey of the founder of the Shakers.,
m-2026-wicked-for-good,Wicked: For Good,movie,2026,2026-01-28,TBD,"Documentary, Music",In Theatres,,https://image.tmdb.org/t/p/w500/wickedforgood.jpg,A documentary or special screening related to the making of the Wicked movies.,
m-2026-dracula,Dracula,movie,2026,2026-02-06,TBD,"Horror, Fantasy, Drama",In Theatres,,https://image.tmdb.org/t/p/w500/dracula2026.jpg,"Luc Besson's take on the classic vampire tale, focusing on the dark and tragic origins of the count.",
m-2026-strangers-chapter-3,The Strangers: Chapter 3,movie,2026,2026-02-06,TBD,"Horror, Thriller",In Theatres,,https://image.tmdb.org/t/p/w500/strangers3.jpg,"The terrifying conclusion to the trilogy, as the masked killers face off against their survivors.",
m-2026-clika,Clika,movie,2026,2026-01-23,TBD,Drama,In Theatres,,https://image.tmdb.org/t/p/w500/clikaposter.jpg,A drama exploring the lives of a group of teenagers navigating the complexities of modern social circles.,
m-2026-primate,Primate,movie,2026,2026-01-09,TBD,"Sci-Fi, Thriller",In Theatres,,https://image.tmdb.org/t/p/w500/primate2026.jpg,A sci-fi thriller about a breakthrough in primate intelligence that leads to unintended consequences.,
m-2025-14,Five Nights at Freddy's 2,movie,2025,2025-12-05,TBD,"Horror, Mystery, Thriller",In Theatres,,https://image.tmdb.org/t/p/w500/fnaf2fnaf2fnaf2fnaf.jpg,"The sequel to the horror hit, bringing more animatronic terror to the big screen.",
m-2025-15,Wicked: Part Two,movie,2025,2025-11-26,TBD,"Musical, Fantasy, Drama",In Theatres,,https://image.tmdb.org/t/p/w500/wicked2wicked2wicked.jpg,The conclusion of the epic musical saga starring Cynthia Erivo and Ariana Grande.,
m-2025-16,Lilo & Stitch,movie,2025,2025-05-23,TBD,"Adventure, Family, Sci-Fi",In Theatres,,https://image.tmdb.org/t/p/w500/liloandstitchlive.jpg,Live-action adaptation of the beloved story about a girl and her blue alien friend.,
m-2025-17,Saw XI,movie,2025,2025-09-26,TBD,"Horror, Mystery, Thriller",In Theatres,,https://image.tmdb.org/t/p/w500/saw11saw11saw11saw11.jpg,Jigsaw's twisted games continue in the eleventh installment of the horror franchise.,
tv-2025-12,Squid Game Season 2,tv,2025,2025-01-01,TBD,"Thriller, Drama, Action",Netflix,,https://image.tmdb.org/t/p/w500/squidgame2squid.jpg,Player 456 returns to the games with a newfound purpose to dismantle them.,
tv-2025-13,Wednesday Season 2,tv,2025,2025-10-01,TBD,"Comedy, Fantasy, Mystery",Netflix,,https://image.tmdb.org/t/p/w500/wednesday2wednesday.jpg,Wednesday Addams returns to Nevermore Academy for more mystery and mayhem.,
tv-2025-14,The Bear Season 4,tv,2025,2025-06-01,TBD,"Drama, Comedy",Hulu,,https://image.tmdb.org/t/p/w500/thebear4thebear4.jpg,Carmy and the crew continue to navigate the high-pressure world of fine dining.,
tv-2026-01,Gen V Season 2,tv,2026,2026-01-01,TBD,"Action, Drama, Sci-Fi",Amazon Prime,,https://image.tmdb.org/t/p/w500/genv2genv2genv2genv2.jpg,The supers-in-training face new conspiracies and moral dilemmas at Godolkin University.,
tv-2026-02,Yellowjackets Season 3,tv,2026,2026-02-01,TBD,"Drama, Horror, Mystery",Paramount Plus,,https://image.tmdb.org/t/p/w500/yellowjackets3yellow.jpg,"The survival saga returns, uncovering deeper secrets of what happened in the wilderness.",
m-2026-06,Project Hail Mary,movie,2026,2026-03-20,TBD,"Sci-Fi, Adventure, Drama",In Theatres,,https://image.tmdb.org/t/p/w500/sh760S0S0S0S0S0S0S0S0S0S0S.jpg,"Based on Andy Weir's novel, an astronaut wakes up alone on a spaceship with no memory of his mission to save Earth.",
m-2026-07,Toy Story 5,movie,2026,2026-06-19,TBD,"Animation, Adventure, Family",In Theatres,,https://image.tmdb.org/t/p/w500/toy5toy5toy5toy5toy5.jpg,"Woody, Buzz, and the gang return for a new adventure involving a high-tech smart tablet.",
m-2026-08,Shrek 5,movie,2026,2026-07-01,TBD,"Animation, Adventure, Comedy",In Theatres,,https://image.tmdb.org/t/p/w500/shrk5shrk5shrk5shrk5.jpg,The beloved green ogre returns with Donkey and Fiona in a highly anticipated new chapter.,
m-2025-09,Jurassic World Rebirth,movie,2025,2025-07-02,TBD,"Action, Sci-Fi, Adventure",In Theatres,,https://image.tmdb.org/t/p/w500/jurjurjurjurjurjur.jpg,"A new era for the franchise set years after Dominion, starring Scarlett Johansson.",
m-2025-10,M3GAN 2.0,movie,2025,2025-06-27,TBD,"Horror, Sci-Fi, Thriller",In Theatres,,https://image.tmdb.org/t/p/w500/m3gan2m3gan2m3gan2.jpg,The killer AI doll returns for even more mayhem in this high-tech horror sequel.,
m-2025-11,Snow White,movie,2025,2025-03-21,TBD,"Fantasy, Adventure, Family",In Theatres,,https://image.tmdb.org/t/p/w500/snowsnowsnowsnow.jpg,Rachel Zegler and Gal Gadot star in Disney's live-action reimagining of the classic tale.,
m-2025-12,Elio,movie,2025,2025-06-13,TBD,"Animation, Sci-Fi, Adventure",Disney+,,https://image.tmdb.org/t/p/w500/elioelioelioelio.jpg,Pixar's cosmic adventure about a boy who is mistaken for Earth's intergalactic ambassador.,
m-2025-13,Dog Man,movie,2025,2025-01-31,TBD,"Animation, Action, Comedy",In Theatres,,https://image.tmdb.org/t/p/w500/dogmandogmandogman.jpg,The popular children's book hero comes to life in this animated action-comedy.,
tv-2025-06,Daredevil: Born Again,tv,2025,2025-03-04,TBD,"Action, Crime, Drama",Disney+,,https://image.tmdb.org/t/p/w500/daredevildaredevildare.jpg,Matt Murdock returns to fight for justice in Hell's Kitchen in this gritty MCU series.,
tv-2025-07,Stranger Things Season 5,tv,2025,2025-08-01,TBD,"Sci-Fi, Horror, Drama",Netflix,,https://image.tmdb.org/t/p/w500/strangerthings5st5.jpg,The final battle for Hawkins begins as Eleven and her friends face the ultimate evil.,
tv-2025-08,The White Lotus Season 3,tv,2025,2025-01-01,TBD,"Comedy, Drama, Mystery",Max,,https://image.tmdb.org/t/p/w500/whitelotus3whitelotus.jpg,"A new group of wealthy guests stay at a luxury resort in Thailand, where secrets emerge.",
tv-2025-09,Peacemaker Season 2,tv,2025,2025-06-01,TBD,"Action, Comedy, Sci-Fi",Max,,https://image.tmdb.org/t/p/w500/peacemaker2peace.jpg,"John Cena returns as Christopher Smith, facing new missions and old demons in the DCU.",
tv-2025-10,Ironheart,tv,2025,2025-09-01,TBD,"Action, Sci-Fi, Adventure",Disney+,,https://image.tmdb.org/t/p/w500/ironheartironheart.jpg,"Riri Williams develops her own advanced suits of armor, continuing her journey from Wakanda Forever.",
tv-2025-11,A Knight of the Seven Kingdoms,tv,2025,2025-01-01,TBD,"Fantasy, Drama, Adventure",Max,,https://image.tmdb.org/t/p/w500/knightofsevenknight.jpg,A new Game of Thrones prequel following Ser Duncan the Tall and his squire Egg.,
m-2026-01,Avatar: Fire and Ash,movie,2026,2026-12-19,8.5,"Sci-Fi, Adventure, Action",In Theatres,,https://image.tmdb.org/t/p/w500/rmrfRWP2L3jGQOGLgXbP2q5nN2x.jpg,James Cameron's next chapter in the Avatar saga. The Na'vi face new threats as the RDA returns with devastating force.,
m-2026-02,Scream 7,movie,2026,2026-02-27,7.5,"Horror, Thriller",In Theatres,,https://image.tmdb.org/t/p/w500/8WUV2HFQlN5cEs6Ebkksj6F4bT.jpg,Neve Campbell and Courteney Cox return in the next chapter of the iconic horror franchise.,
m-2026-03,The Super Mario Galaxy Movie,movie,2026,2026-04-03,8.0,"Animation, Adventure, Family",In Theatres,,https://image.tmdb.org/t/p/w500/8uO0gUM8aNqYLs1OsTBQiXu0fEv.jpg,Mario and friends embark on a cosmic adventure in Illumination's next Nintendo adaptation.,
m-2026-04,The Batman Part II,movie,2026,2026-10-02,8.8,"Action, Crime, Drama",In Theatres,,https://image.tmdb.org/t/p/w500/74xTEgt7R36Fpooo50x9TfdLnTp.jpg,"The sequel to Matt Reeves' The Batman, continuing the crime saga in Gotham City.",
m-2026-05,Avengers: Doomsday,movie,2026,2026-05-01,9.2,"Action, Sci-Fi, Adventure",In Theatres,,https://image.tmdb.org/t/p/w500/or06FN3Dka5tukK1e9sl16pB3iy.jpg,The Avengers must assemble once again to face a threat that endangers the entire multiverse.,
m-2025-01,Superman,movie,2025,2025-07-11,8.2,"Action, Sci-Fi, Adventure",In Theatres,,https://image.tmdb.org/t/p/w500/6z3aOjc6aA59Jd5n6n7Z7.jpg,James Gunn's take on the Man of Steel. Clark Kent reconciles his Kryptonian heritage with his human upbringing.,
m-2025-02,Mission: Impossible – The Final Reckoning,movie,2025,2025-05-23,8.5,"Action, Thriller, Adventure",In Theatres,,https://image.tmdb.org/t/p/w500/1GtaQ3Q6Q6Q6Q6Q6Q6Q6Q6Q6.jpg,Tom Cruise returns for the final chapter. Ethan Hunt faces his most dangerous mission yet.,
m-2025-03,The Fantastic Four: First Steps,movie,2025,2025-07-25,TBD,"Action, Sci-Fi, Adventure",In Theatres,,https://image.tmdb.org/t/p/w500/kf2QpOCjqMxQzKQzKQzKQzKQzK.jpg,"Marvel's First Family arrives. Pedro Pascal, Vanessa Kirby, Joseph Quinn, and Ebon Moss-Bachrach star.",
m-2025-04,Captain America: Brave New World,movie,2025,2025-02-14,TBD,"Action, Adventure, Sci-Fi",In Theatres,,https://image.tmdb.org/t/p/w500/z7H707F5x00Jz8G8yY6y1zG7x7.jpg,Sam Wilson takes up the shield in an international incident that tests the new Captain America.,
m-2025-05,Moana 2,movie,2025,2025-11-27,7.8,"Animation, Adventure, Family",Disney+,,https://image.tmdb.org/t/p/w500/8Vt6mWEReuy4Of61Lnj5Xj704m8.jpg,Moana returns to the ocean for a new voyage with Maui and a crew of wayfinders.,
m-2025-06,Minecraft,movie,2025,2025-04-04,TBD,"Adventure, Fantasy, Family",In Theatres,,https://image.tmdb.org/t/p/w500/8uO0gUM8aNqYLs1OsTBQiXu0fEv.jpg,A young girl and her friends must save the Overworld from the Ender Dragon in the live-action adaptation.,
m-2025-07,Mickey 17,movie,2025,2025-04-18,TBD,"Sci-Fi, Drama, Thriller",In Theatres,,https://image.tmdb.org/t/p/w500/w8eT4dK6jPeu2rT2T2T2T2T2T2T.jpg,Bong Joon-ho's sci-fi about an expendable colonist who refuses to be replaced by his clone.,
m-2025-08,Thunderbolts,movie,2025,2025-12-19,TBD,"Action, Sci-Fi",In Theatres,,https://image.tmdb.org/t/p/w500/2Q2Q2Q2Q2Q2Q2Q2Q2Q2Q2Q2Q.jpg,Marvel's anti-hero team assembles for a mission that could change everything.,
tv-2025-01,Severance Season 2,tv,2025,2025-01-17,8.7,"Sci-Fi, Thriller, Drama",Apple TV+,,https://image.tmdb.org/t/p/w500/1pdfLvkbY9ohJlCjQH2CZjjYVvJ.jpg,Mark and the Lumon team return as the mystery of the severed floor deepens.,
tv-2025-02,The Last of Us Season 2,tv,2025,2025-01-01,8.8,"Drama, Sci-Fi, Horror",Max,,https://image.tmdb.org/t/p/w500/uKVV4D2nF5CCgNMwnxMXAht1yJ.jpg,Joel and Ellie face a violent conflict that threatens Jackson in the adaptation of Part II.,
tv-2025-03,Outer Banks Season 4,tv,2025,2025-10-10,7.8,"Adventure, Drama, Mystery",Netflix,,https://image.tmdb.org/t/p/w500/4Q4Q4Q4Q4Q4Q4Q4Q4Q4Q4Q4Q.jpg,The Pogues return for more treasure hunting and high-stakes adventure.,
tv-2025-04,Andor Season 2,tv,2025,2025-08-01,8.5,"Sci-Fi, Drama, Thriller",Disney+,,https://image.tmdb.org/t/p/w500/5Q5Q5Q5Q5Q5Q5Q5Q5Q5Q5Q5Q.jpg,The final season leads directly into Rogue One as Cassian becomes a rebel.,
tv-2025-05,Foundation Season 3,tv,2025,2025-01-01,7.9,"Sci-Fi, Drama",Apple TV+,,https://image.tmdb.org/t/p/w500/6Q6Q6Q6Q6Q6Q6Q6Q6Q6Q6Q6Q.jpg,Apple TV+'s epic adaptation of Asimov continues as the Foundation and Empire collide.,
m-2024-01,Dune: Part Two,movie,2024,2024-03-01,8.5,"Sci-Fi, Adventure, Drama",Max,,https://image.tmdb.org/t/p/w500/1pdfLvkbY9ohJlCjQH2CZjjYVvJ.jpg,Paul Atreides unites with Chani and the Fremen on a warpath of revenge.,
m-2024-02,Wicked,movie,2024,2024-11-27,7.2,"Musical, Fantasy, Drama",In Theatres,,https://image.tmdb.org/t/p/w500/8WUV2HFQlN5cEs6Ebkksj6F4bT.jpg,The untold story of the Wicked Witch of the West and Glinda. Cynthia Erivo and Ariana Grande star.,
m-2024-03,Gladiator II,movie,2024,2024-11-22,7.5,"Action, Drama, History",In Theatres,,https://image.tmdb.org/t/p/w500/8H8H8H8H8H8H8H8H8H8H8H8H.jpg,"Paul Mescal, Pedro Pascal, and Denzel Washington star in Ridley Scott's epic sequel.",
m-2024-04,Inside Out 2,movie,2024,2024-06-14,7.8,"Animation, Comedy, Family",Disney+,,https://image.tmdb.org/t/p/w500/9I9I9I9I9I9I9I9I9I9I9I9I.jpg,"Riley faces new emotions as Anxiety, Envy, Ennui, and Embarrassment join the crew.",
m-2024-05,Deadpool & Wolverine,movie,2024,2024-07-26,8.1,"Action, Comedy, Sci-Fi",Disney+,,https://image.tmdb.org/t/p/w500/3Q3Q3Q3Q3Q3Q3Q3Q3Q3Q3Q3Q.jpg,The Merc with a Mouth teams up with Wolverine in the MCU's R-rated blockbuster.,
m-2024-06,Kingdom of the Planet of the Apes,movie,2024,2024-05-10,7.2,"Sci-Fi, Action, Drama",Disney+,,https://image.tmdb.org/t/p/w500/2R2R2R2R2R2R2R2R2R2R2R2R.jpg,"Many years after Caesar's reign, a new ape leader builds an empire while humans live in the shadows.",
m-2024-07,Furiosa: A Mad Max Saga,movie,2024,2024-05-24,7.8,"Action, Sci-Fi, Adventure",Max,,https://image.tmdb.org/t/p/w500/4R4R4R4R4R4R4R4R4R4R4R4R.jpg,The origin story of Furiosa in the Wasteland. Anya Taylor-Joy and Chris Hemsworth star.,
m-2024-08,Challengers,movie,2024,2024-04-26,7.4,"Drama, Romance, Sports",Amazon Prime,,https://image.tmdb.org/t/p/w500/5S5S5S5S5S5S5S5S5S5S5S5S.jpg,A love triangle between three tennis players over the years. Zendaya stars.,
tv-2024-01,Shōgun,tv,2024,2024-02-27,8.9,"Drama, History, Action",Hulu,,https://image.tmdb.org/t/p/w500/7S7S7S7S7S7S7S7S7S7S7S7S.jpg,"In feudal Japan, a mysterious European ship is found in a small fishing village.",
tv-2024-02,Fallout,tv,2024,2024-04-10,8.5,"Sci-Fi, Action, Drama",Amazon Prime,,https://image.tmdb.org/t/p/w500/8S8S8S8S8S8S8S8S8S8S8S8S.jpg,"In a post-nuclear Los Angeles, a vault dweller must venture into the wasteland.",
tv-2024-03,The Bear Season 3,tv,2024,2024-06-27,8.6,"Drama, Comedy",Hulu,,https://image.tmdb.org/t/p/w500/9S9S9S9S9S9S9S9S9S9S9S9S.jpg,Carmy and the crew push the restaurant to new heights in the award-winning drama.,
m-2023-01,Oppenheimer,movie,2023,2023-07-21,8.6,"Biography, Drama, History",Amazon Prime,,https://image.tmdb.org/t/p/w500/8Gxv8gSFCU0XGDykEGv7zR1n2ua.jpg,The story of J. Robert Oppenheimer and the development of the atomic bomb.,
m-2023-02,Barbie,movie,2023,2023-07-21,7.2,"Comedy, Adventure, Fantasy",Max,,https://image.tmdb.org/t/p/w500/iuFNMS8U5cb6xfzi51EbkovZPP0.jpg,Barbie suffers a crisis that leads her to the real world. Greta Gerwig's blockbuster.,
m-2023-03,Spider-Man: Across the Spider-Verse,movie,2023,2023-06-02,8.8,"Animation, Action, Adventure",Netflix,,https://image.tmdb.org/t/p/w500/8Vt6mWEReuy4Of61Lnj5Xj704m8.jpg,Miles Morales catapults across the Multiverse and meets a team of Spider-People.,
m-2023-04,The Batman,movie,2022,2022-03-04,7.8,"Action, Crime, Drama",Max,,https://image.tmdb.org/t/p/w500/74xTEgt7R36Fpooo50x9TfdLnTp.jpg,Batman investigates Gotham's corruption as the Riddler targets the city's elite.,
m-2023-05,Killers of the Flower Moon,movie,2023,2023-10-20,8.0,"Crime, Drama, History",Apple TV+,,https://image.tmdb.org/t/p/w500/aZXHjmhSSGUshLEd4N2gX2e1vTs.jpg,Martin Scorsese's epic about the Osage murders in 1920s Oklahoma.,
m-2023-06,Guardians of the Galaxy Vol. 3,movie,2023,2023-05-05,8.0,"Action, Sci-Fi, Adventure",Disney+,,https://image.tmdb.org/t/p/w500/r2J02Z2OpZctQXPSM2C4S2S4S4S.jpg,The Guardians protect one of their own while unraveling Rocket's past.,
m-2023-07,John Wick: Chapter 4,movie,2023,2023-03-24,7.8,"Action, Thriller, Crime",Max,,https://image.tmdb.org/t/p/w500/vZloFAK7N5MGZ9oWRyPZeRlX3X3.jpg,John Wick uncovers a path to defeating the High Table in the longest chapter yet.,
m-2023-08,The Super Mario Bros. Movie,movie,2023,2023-04-05,7.5,"Animation, Adventure, Family",Netflix,,https://image.tmdb.org/t/p/w500/qNBAXBIQlnOThrVvA6mA2Q5W5W5.jpg,A plumber named Mario travels through an underground labyrinth with his brother Luigi.,
tv-2023-01,The Last of Us,tv,2023,2023-01-15,8.8,"Drama, Sci-Fi, Horror",Max,,https://image.tmdb.org/t/p/w500/uKVV4D2nF5CCgNMwnxMXAht1yJ.jpg,"After a pandemic destroys civilization, a survivor escorts a girl who may be humanity's last hope.",
tv-2023-02,Beef,tv,2023,2023-04-06,8.3,"Drama, Comedy, Thriller",Netflix,,https://image.tmdb.org/t/p/w500/1A1A1A1A1A1A1A1A1A1A1A1A1A.jpg,A road rage incident between two strangers spirals into a feud that consumes their lives.,
tv-2023-03,Succession,tv,2023,2023-03-26,8.8,"Drama, Comedy",Max,,https://image.tmdb.org/t/p/w500/7th9d94n310yHfcb8pW8R3522Wq.jpg,The Roy family fights for control of their global media empire.,
tv-2023-04,The Bear Season 2,tv,2023,2023-06-22,8.6,"Drama, Comedy",Hulu,,https://image.tmdb.org/t/p/w500/2B2B2B2B2B2B2B2B2B2B2B2B2B.jpg,Carmy and Sydney work to transform their sandwich shop into a fine dining destination.,
m-2022-01,Top Gun: Maverick,movie,2022,2022-05-27,8.4,"Action, Drama",Paramount Plus,,https://image.tmdb.org/t/p/w500/62U2bPBMQqTpXk0Tk0Tk0Tk0Tk.jpg,Maverick trains a detachment of graduates for a specialized mission. Tom Cruise returns.,
m-2022-02,Everything Everywhere All at Once,movie,2022,2022-03-11,8.3,"Sci-Fi, Comedy, Drama",Amazon Prime,,https://image.tmdb.org/t/p/w500/w3LxiVYdWWRvEVdn5RYTX6Hd7H7.jpg,A Chinese-American woman is swept into an adventure where she must connect different lives.,
m-2022-03,Avatar: The Way of Water,movie,2022,2022-12-16,7.7,"Sci-Fi, Adventure, Action",Disney+,,https://image.tmdb.org/t/p/w500/t6HIqrRAclMCA60NsSmeqe9RmNV.jpg,Jake Sully and Neytiri's family face the return of the RDA and a new threat from the sea.,
m-2022-04,Black Panther: Wakanda Forever,movie,2022,2022-11-11,7.2,"Action, Drama, Sci-Fi",Disney+,,https://image.tmdb.org/t/p/w500/sv1xJUazXeYqALzczSZ3O6nkH75.jpg,The people of Wakanda fight to protect their home in the wake of King T'Challa's death.,
m-2022-05,Nope,movie,2022,2022-07-22,7.2,"Horror, Sci-Fi, Thriller",Amazon Prime,,https://image.tmdb.org/t/p/w500/5Q5Q5Q5Q5Q5Q5Q5Q5Q5Q5Q5Q.jpg,Jordan Peele's UFO thriller about two siblings who discover something sinister in the sky.,
tv-2022-01,House of the Dragon,tv,2022,2022-08-21,8.5,"Drama, Fantasy, Action",Max,,https://image.tmdb.org/t/p/w500/z2yahl2uefxDCl0nogcRB5rxWrz.jpg,The Targaryen dynasty is at the height of its power 200 years before Game of Thrones.,
tv-2022-02,Wednesday,tv,2022,2022-11-23,8.2,"Comedy, Crime, Fantasy",Netflix,,https://image.tmdb.org/t/p/w500/9D9D9D9D9D9D9D9D9D9D9D9D9D.jpg,Wednesday Addams navigates Nevermore Academy while solving a murder mystery.,
m-2021-01,Dune,movie,2021,2021-10-22,8.2,"Sci-Fi, Adventure, Drama",Max,,https://image.tmdb.org/t/p/w500/d5NXSklXo0qyIYkgV94XAgMIckC.jpg,Paul Atreides must travel to the most dangerous planet in the universe to secure his family's future.,
m-2021-02,Spider-Man: No Way Home,movie,2021,2021-12-17,8.2,"Action, Sci-Fi, Adventure",Netflix,,https://image.tmdb.org/t/p/w500/1g0dhYtq4iTYJ6QXFrNL2Tf3U4H.jpg,Peter Parker's identity is revealed and he seeks the help of Doctor Strange to fix it.,
m-2021-03,No Time to Die,movie,2021,2021-10-08,7.4,"Action, Thriller, Adventure",Amazon Prime,,https://image.tmdb.org/t/p/w500/iU72itmizBduD0Dq2Xv0b4H6H6H.jpg,James Bond has left active service. His peace is short-lived when Felix Leiter needs help.,
tv-2021-01,Squid Game,tv,2021,2021-09-17,8.5,"Drama, Thriller, Mystery",Netflix,,https://image.tmdb.org/t/p/w500/dDlEmu3EF0Pvfi1OVlEe8X8S8S8.jpg,Hundreds of cash-strapped players accept a strange invitation to compete in children's games.,
tv-2021-02,Loki Season 1,tv,2021,2021-06-09,8.2,"Sci-Fi, Action, Adventure",Disney+,,https://image.tmdb.org/t/p/w500/kAQkRUj69DNP7ddfeE2Ok4Ok4Ok.jpg,Loki is brought to the mysterious TVA and forced to fix the timeline he broke.,
m-2020-01,Tenet,movie,2020,2020-09-03,7.5,"Sci-Fi, Action, Thriller",Max,,https://image.tmdb.org/t/p/w500/k68nPLbIST6NP96DmNZMh7J87Mz.jpg,A secret agent manipulates the flow of time to prevent World War III.,
m-2020-02,Soul,movie,2020,2020-12-25,8.1,"Animation, Comedy, Family",Disney+,,https://image.tmdb.org/t/p/w500/hm58Jw4Lw8OIeECIq5qyPYhAeRj.jpg,A jazz musician stuck in the Great Before seeks to return to Earth. Pixar's existential hit.,
m-2020-03,The Invisible Man,movie,2020,2020-02-28,7.2,"Horror, Sci-Fi, Thriller",Amazon Prime,,https://image.tmdb.org/t/p/w500/5GqdOC2Sb8b4GUj9a9a9a9a9a9a.jpg,A woman believes her abusive ex has found a way to become invisible. Elisabeth Moss stars.,
tv-2020-01,Stranger Things,tv,2020,2020-07-04,8.7,"Sci-Fi, Horror, Drama",Netflix,,https://image.tmdb.org/t/p/w500/49WJfeN0moxb9IPfGn8AIqMGskD.jpg,"When a young boy vanishes, a small town uncovers a mystery involving secret experiments.",
tv-2020-02,The Mandalorian,tv,2020,2020-10-30,8.5,"Sci-Fi, Action, Adventure",Disney+,,https://image.tmdb.org/t/p/w500/eU1i6eHXlzoO0Eg9dE3dE3dE3dE.jpg,A lone bounty hunter travels the outer reaches of the galaxy far from the New Republic.,
tmdb-tv-97724,Spides,tv,2020,2020-03-05,6.0,"Sci-Fi, Fantasy, Drama",Amazon Prime,https://www.youtube.com/watch?v=mcXcXU7EnuI,https://image.tmdb.org/t/p/w500/s4hUDgAvqNh8dTvDW6yvMgKO0Lr.jpg,Young Nora from Berlin wakes up from a coma after taking a new party drug and can no longer remember anything. When investigators find out that numerous teenagers have disappeared as part of the sprea...,